[
  {
    "id":67,
    "source":0,
    "property_preprocess":false,
    "name":"mmlField",
    "description":"",
    "editor_type":0,
    "category":0,
    "cache_type":0,
    "locked":false,
    "properties":null,
    "moduleguid":"",
    "static":false,
    "static_file":"",
    "filename":"mmlfield.snippet.php",
    "category_name":"migxMultiLang"
  },
  {
    "id":39,
    "source":0,
    "property_preprocess":false,
    "name":"mml_LangLinks",
    "description":"",
    "editor_type":0,
    "category":0,
    "cache_type":0,
    "locked":false,
    "properties":null,
    "moduleguid":"",
    "static":false,
    "static_file":"",
    "filename":"mml_langlinks.snippet.php",
    "category_name":"migxMultiLang"
  },
  {
    "id":40,
    "source":0,
    "property_preprocess":false,
    "name":"mmlTranslatePdoToolsRow",
    "description":"",
    "editor_type":0,
    "category":0,
    "cache_type":0,
    "locked":false,
    "properties":[
      
    ],
    "moduleguid":"",
    "static":false,
    "static_file":"",
    "filename":"mmltranslatepdotoolsrow.snippet.php",
    "category_name":"migxMultiLang"
  },
  {
    "id":65,
    "source":0,
    "property_preprocess":false,
    "name":"mmlCache",
    "description":"<b>1.1.0-pl<\/b> A generic caching snippet for caching the output of any MODx Element using a configurable cache handler.",
    "editor_type":0,
    "category":0,
    "cache_type":0,
    "locked":false,
    "properties":{
      "cacheElementKey":{
        "name":"cacheElementKey",
        "desc":"An optional explicit key to use to cache the output. Otherwise, the key is uniquely generated based on the Resource it is executing on, the properties being passed to the Element, and the $_REQUEST parameters passed when it executed.",
        "type":"textfield",
        "options":"",
        "value":"",
        "lexicon":null,
        "area":"",
        "desc_trans":"An optional explicit key to use to cache the output. Otherwise, the key is uniquely generated based on the Resource it is executing on, the properties being passed to the Element, and the $_REQUEST parameters passed when it executed.",
        "area_trans":""
      },
      "cacheExpires":{
        "name":"cacheExpires",
        "desc":"How many seconds the output of the Element is to be cached by getPage; 0 means indefinitely or until the cache items are purposely cleared.",
        "type":"textfield",
        "options":"",
        "value":"",
        "lexicon":null,
        "area":"",
        "desc_trans":"How many seconds the output of the Element is to be cached by getPage; 0 means indefinitely or until the cache items are purposely cleared.",
        "area_trans":""
      },
      "cacheHandler":{
        "name":"cacheHandler",
        "desc":"The class of cache handler for getCache to use.",
        "type":"textfield",
        "options":"",
        "value":"",
        "lexicon":null,
        "area":"",
        "desc_trans":"The class of cache handler for getCache to use.",
        "area_trans":""
      },
      "cacheKey":{
        "name":"cacheKey",
        "desc":"The key identifying a cache handler for getCache to use.",
        "type":"textfield",
        "options":"",
        "value":"",
        "lexicon":null,
        "area":"",
        "desc_trans":"The key identifying a cache handler for getCache to use.",
        "area_trans":""
      },
      "element":{
        "name":"element",
        "desc":"The name of a MODx Element that will be called by the getCache snippet instance.",
        "type":"textfield",
        "options":"",
        "value":"",
        "lexicon":null,
        "area":"",
        "desc_trans":"The name of a MODx Element that will be called by the getCache snippet instance.",
        "area_trans":""
      },
      "elementClass":{
        "name":"elementClass",
        "desc":"The class of the MODx Element that will be called by the getCache snippet instance.",
        "type":"textfield",
        "options":"",
        "value":"modSnippet",
        "lexicon":null,
        "area":"",
        "desc_trans":"The class of the MODx Element that will be called by the getCache snippet instance.",
        "area_trans":""
      },
      "namespace":{
        "name":"namespace",
        "desc":"An execution namespace that serves as a prefix for placeholders set by a specific instance of the getCache snippet.",
        "type":"textfield",
        "options":"",
        "value":"",
        "lexicon":null,
        "area":"",
        "desc_trans":"An execution namespace that serves as a prefix for placeholders set by a specific instance of the getCache snippet.",
        "area_trans":""
      },
      "toPlaceholder":{
        "name":"toPlaceholder",
        "desc":"The name of a placeholder the Element being called is setting it's output into. This allows getCache to support Snippets that do not directly return their output.",
        "type":"textfield",
        "options":"",
        "value":"",
        "lexicon":null,
        "area":"",
        "desc_trans":"The name of a placeholder the Element being called is setting it's output into. This allows getCache to support Snippets that do not directly return their output.",
        "area_trans":""
      }
    },
    "moduleguid":"",
    "static":false,
    "static_file":"",
    "filename":"mmlcache.snippet.php",
    "category_name":"migxMultiLang"
  },
  {
    "id":68,
    "source":0,
    "property_preprocess":false,
    "name":"mmlGetTemplateTVs",
    "description":"",
    "editor_type":0,
    "category":0,
    "cache_type":0,
    "locked":false,
    "properties":null,
    "moduleguid":"",
    "static":false,
    "static_file":"",
    "filename":"mmlgettemplatetvs.snippet.php",
    "category_name":"migxMultiLang"
  },
  {
    "id":76,
    "source":0,
    "property_preprocess":false,
    "name":"mmlLangLinks",
    "description":"",
    "editor_type":0,
    "category":0,
    "cache_type":0,
    "locked":false,
    "properties":null,
    "moduleguid":"",
    "static":false,
    "static_file":"",
    "filename":"mmllanglinks.snippet.php",
    "category_name":"migxMultiLang"
  }
]