[
  {
    "id":3,
    "source":0,
    "property_preprocess":false,
    "name":"mml_LinkTpl",
    "description":"",
    "editor_type":0,
    "category":0,
    "cache_type":0,
    "locked":false,
    "properties":null,
    "static":false,
    "static_file":"",
    "filename":"mml_linktpl.chunk.html",
    "category_name":"migxMultiLang"
  },
  {
    "id":4,
    "source":0,
    "property_preprocess":false,
    "name":"mml_MenuRowTpl",
    "description":"",
    "editor_type":0,
    "category":0,
    "cache_type":0,
    "locked":false,
    "properties":null,
    "static":false,
    "static_file":"",
    "filename":"mml_menurowtpl.chunk.html",
    "category_name":"migxMultiLang"
  },
  {
    "id":49,
    "source":0,
    "property_preprocess":false,
    "name":"mml_resourceTemplate",
    "description":"",
    "editor_type":0,
    "category":0,
    "cache_type":0,
    "locked":false,
    "properties":null,
    "static":false,
    "static_file":"",
    "filename":"mml_resourcetemplate.chunk.html",
    "category_name":"migxMultiLang"
  }
]